{
    "RMSE": 11.102336488750609,
    "R2": 0.5663168670952974
}